Region/Country/Area,Year,Series,Value,Footnotes,Source
South-eastern Asia,2005,Students enrolled in primary education (thousands),"68,253",,"United Nations Educational, Scientific and Cultural Organization (UNESCO), Montreal, the UNESCO Institute for Statistics (UIS) statistics database, last accessed June 2021."
South-eastern Asia,2005,Gross enrollment ratio - Primary (male),106.8,,"United Nations Educational, Scientific and Cultural Organization (UNESCO), Montreal, the UNESCO Institute for Statistics (UIS) statistics database, last accessed June 2021."
South-eastern Asia,2005,Gross enrollment ratio - Primary (female),103.8,,"United Nations Educational, Scientific and Cultural Organization (UNESCO), Montreal, the UNESCO Institute for Statistics (UIS) statistics database, last accessed June 2021."
South-eastern Asia,2005,Students enrolled in secondary education (thousands),"40,815",,"United Nations Educational, Scientific and Cultural Organization (UNESCO), Montreal, the UNESCO Institute for Statistics (UIS) statistics database, last accessed June 2021."
South-eastern Asia,2005,Gross enrollment ratio - Secondary (male),62.6,,"United Nations Educational, Scientific and Cultural Organization (UNESCO), Montreal, the UNESCO Institute for Statistics (UIS) statistics database, last accessed June 2021."
South-eastern Asia,2005,Gross enrollment ratio - Secondary (female),62.4,,"United Nations Educational, Scientific and Cultural Organization (UNESCO), Montreal, the UNESCO Institute for Statistics (UIS) statistics database, last accessed June 2021."
South-eastern Asia,2005,Students enrolled in upper secondary education (thousands),"12,468",,"United Nations Educational, Scientific and Cultural Organization (UNESCO), Montreal, the UNESCO Institute for Statistics (UIS) statistics database, last accessed June 2021."
South-eastern Asia,2005,Gross enrollment ratio - Upper secondary level (male),43.9,,"United Nations Educational, Scientific and Cultural Organization (UNESCO), Montreal, the UNESCO Institute for Statistics (UIS) statistics database, last accessed June 2021."
South-eastern Asia,2005,Gross enrollment ratio - Upper secondary level (female),43.3,,"United Nations Educational, Scientific and Cultural Organization (UNESCO), Montreal, the UNESCO Institute for Statistics (UIS) statistics database, last accessed June 2021."
South-eastern Asia,2010,Students enrolled in primary education (thousands),"68,327",,"United Nations Educational, Scientific and Cultural Organization (UNESCO), Montreal, the UNESCO Institute for Statistics (UIS) statistics database, last accessed June 2021."
South-eastern Asia,2010,Gross enrollment ratio - Primary (male),106.8,,"United Nations Educational, Scientific and Cultural Organization (UNESCO), Montreal, the UNESCO Institute for Statistics (UIS) statistics database, last accessed June 2021."
South-eastern Asia,2010,Gross enrollment ratio - Primary (female),107.1,,"United Nations Educational, Scientific and Cultural Organization (UNESCO), Montreal, the UNESCO Institute for Statistics (UIS) statistics database, last accessed June 2021."
South-eastern Asia,2010,Students enrolled in secondary education (thousands),"45,538",,"United Nations Educational, Scientific and Cultural Organization (UNESCO), Montreal, the UNESCO Institute for Statistics (UIS) statistics database, last accessed June 2021."
South-eastern Asia,2010,Gross enrollment ratio - Secondary (male),70.5,,"United Nations Educational, Scientific and Cultural Organization (UNESCO), Montreal, the UNESCO Institute for Statistics (UIS) statistics database, last accessed June 2021."
South-eastern Asia,2010,Gross enrollment ratio - Secondary (female),71.3,,"United Nations Educational, Scientific and Cultural Organization (UNESCO), Montreal, the UNESCO Institute for Statistics (UIS) statistics database, last accessed June 2021."
South-eastern Asia,2010,Students enrolled in upper secondary education (thousands),"15,539",,"United Nations Educational, Scientific and Cultural Organization (UNESCO), Montreal, the UNESCO Institute for Statistics (UIS) statistics database, last accessed June 2021."
South-eastern Asia,2010,Gross enrollment ratio - Upper secondary level (male),55.2,,"United Nations Educational, Scientific and Cultural Organization (UNESCO), Montreal, the UNESCO Institute for Statistics (UIS) statistics database, last accessed June 2021."
South-eastern Asia,2010,Gross enrollment ratio - Upper secondary level (female),54.2,,"United Nations Educational, Scientific and Cultural Organization (UNESCO), Montreal, the UNESCO Institute for Statistics (UIS) statistics database, last accessed June 2021."
South-eastern Asia,2015,Students enrolled in primary education (thousands),"68,713",,"United Nations Educational, Scientific and Cultural Organization (UNESCO), Montreal, the UNESCO Institute for Statistics (UIS) statistics database, last accessed June 2021."
South-eastern Asia,2015,Gross enrollment ratio - Primary (male),108.9,,"United Nations Educational, Scientific and Cultural Organization (UNESCO), Montreal, the UNESCO Institute for Statistics (UIS) statistics database, last accessed June 2021."
South-eastern Asia,2015,Gross enrollment ratio - Primary (female),106.1,,"United Nations Educational, Scientific and Cultural Organization (UNESCO), Montreal, the UNESCO Institute for Statistics (UIS) statistics database, last accessed June 2021."
South-eastern Asia,2015,Students enrolled in secondary education (thousands),"51,401",,"United Nations Educational, Scientific and Cultural Organization (UNESCO), Montreal, the UNESCO Institute for Statistics (UIS) statistics database, last accessed June 2021."
South-eastern Asia,2015,Gross enrollment ratio - Secondary (male),80.7,,"United Nations Educational, Scientific and Cultural Organization (UNESCO), Montreal, the UNESCO Institute for Statistics (UIS) statistics database, last accessed June 2021."
South-eastern Asia,2015,Gross enrollment ratio - Secondary (female),80.9,,"United Nations Educational, Scientific and Cultural Organization (UNESCO), Montreal, the UNESCO Institute for Statistics (UIS) statistics database, last accessed June 2021."
South-eastern Asia,2015,Students enrolled in upper secondary education (thousands),"18,604",,"United Nations Educational, Scientific and Cultural Organization (UNESCO), Montreal, the UNESCO Institute for Statistics (UIS) statistics database, last accessed June 2021."
South-eastern Asia,2015,Gross enrollment ratio - Upper secondary level (male),67.7,,"United Nations Educational, Scientific and Cultural Organization (UNESCO), Montreal, the UNESCO Institute for Statistics (UIS) statistics database, last accessed June 2021."
South-eastern Asia,2015,Gross enrollment ratio - Upper secondary level (female),65.3,,"United Nations Educational, Scientific and Cultural Organization (UNESCO), Montreal, the UNESCO Institute for Statistics (UIS) statistics database, last accessed June 2021."
South-eastern Asia,2019,Students enrolled in primary education (thousands),"68,243",Estimate.,"United Nations Educational, Scientific and Cultural Organization (UNESCO), Montreal, the UNESCO Institute for Statistics (UIS) statistics database, last accessed June 2021."
South-eastern Asia,2019,Gross enrollment ratio - Primary (male),107.7,Estimate.,"United Nations Educational, Scientific and Cultural Organization (UNESCO), Montreal, the UNESCO Institute for Statistics (UIS) statistics database, last accessed June 2021."
South-eastern Asia,2019,Gross enrollment ratio - Primary (female),105,Estimate.,"United Nations Educational, Scientific and Cultural Organization (UNESCO), Montreal, the UNESCO Institute for Statistics (UIS) statistics database, last accessed June 2021."
South-eastern Asia,2019,Students enrolled in secondary education (thousands),"55,574",Estimate.,"United Nations Educational, Scientific and Cultural Organization (UNESCO), Montreal, the UNESCO Institute for Statistics (UIS) statistics database, last accessed June 2021."
South-eastern Asia,2019,Gross enrollment ratio - Secondary (male),81.2,Estimate.,"United Nations Educational, Scientific and Cultural Organization (UNESCO), Montreal, the UNESCO Institute for Statistics (UIS) statistics database, last accessed June 2021."
South-eastern Asia,2019,Gross enrollment ratio - Secondary (female),83.5,Estimate.,"United Nations Educational, Scientific and Cultural Organization (UNESCO), Montreal, the UNESCO Institute for Statistics (UIS) statistics database, last accessed June 2021."
South-eastern Asia,2019,Students enrolled in upper secondary education (thousands),"19,878",Estimate.,"United Nations Educational, Scientific and Cultural Organization (UNESCO), Montreal, the UNESCO Institute for Statistics (UIS) statistics database, last accessed June 2021."
South-eastern Asia,2019,Gross enrollment ratio - Upper secondary level (male),65.3,Estimate.,"United Nations Educational, Scientific and Cultural Organization (UNESCO), Montreal, the UNESCO Institute for Statistics (UIS) statistics database, last accessed June 2021."
South-eastern Asia,2019,Gross enrollment ratio - Upper secondary level (female),67.8,Estimate.,"United Nations Educational, Scientific and Cultural Organization (UNESCO), Montreal, the UNESCO Institute for Statistics (UIS) statistics database, last accessed June 2021."
Southern Asia,2005,Students enrolled in primary education (thousands),"181,481",Estimate.,"United Nations Educational, Scientific and Cultural Organization (UNESCO), Montreal, the UNESCO Institute for Statistics (UIS) statistics database, last accessed June 2021."
Southern Asia,2005,Gross enrollment ratio - Primary (male),104.8,Estimate.,"United Nations Educational, Scientific and Cultural Organization (UNESCO), Montreal, the UNESCO Institute for Statistics (UIS) statistics database, last accessed June 2021."
Southern Asia,2005,Gross enrollment ratio - Primary (female),100.1,Estimate.,"United Nations Educational, Scientific and Cultural Organization (UNESCO), Montreal, the UNESCO Institute for Statistics (UIS) statistics database, last accessed June 2021."
Southern Asia,2005,Students enrolled in secondary education (thousands),"120,738",,"United Nations Educational, Scientific and Cultural Organization (UNESCO), Montreal, the UNESCO Institute for Statistics (UIS) statistics database, last accessed June 2021."
Southern Asia,2005,Gross enrollment ratio - Secondary (male),54.8,,"United Nations Educational, Scientific and Cultural Organization (UNESCO), Montreal, the UNESCO Institute for Statistics (UIS) statistics database, last accessed June 2021."
Southern Asia,2005,Gross enrollment ratio - Secondary (female),47,,"United Nations Educational, Scientific and Cultural Organization (UNESCO), Montreal, the UNESCO Institute for Statistics (UIS) statistics database, last accessed June 2021."
Southern Asia,2005,Students enrolled in upper secondary education (thousands),"50,578",,"United Nations Educational, Scientific and Cultural Organization (UNESCO), Montreal, the UNESCO Institute for Statistics (UIS) statistics database, last accessed June 2021."
Southern Asia,2005,Gross enrollment ratio - Upper secondary level (male),41.8,,"United Nations Educational, Scientific and Cultural Organization (UNESCO), Montreal, the UNESCO Institute for Statistics (UIS) statistics database, last accessed June 2021."
Southern Asia,2005,Gross enrollment ratio - Upper secondary level (female),33.9,,"United Nations Educational, Scientific and Cultural Organization (UNESCO), Montreal, the UNESCO Institute for Statistics (UIS) statistics database, last accessed June 2021."
Southern Asia,2010,Students enrolled in primary education (thousands),"191,840",,"United Nations Educational, Scientific and Cultural Organization (UNESCO), Montreal, the UNESCO Institute for Statistics (UIS) statistics database, last accessed June 2021."
Southern Asia,2010,Gross enrollment ratio - Primary (male),105.9,,"United Nations Educational, Scientific and Cultural Organization (UNESCO), Montreal, the UNESCO Institute for Statistics (UIS) statistics database, last accessed June 2021."
Southern Asia,2010,Gross enrollment ratio - Primary (female),105.8,,"United Nations Educational, Scientific and Cultural Organization (UNESCO), Montreal, the UNESCO Institute for Statistics (UIS) statistics database, last accessed June 2021."
Southern Asia,2010,Students enrolled in secondary education (thousands),"143,374",,"United Nations Educational, Scientific and Cultural Organization (UNESCO), Montreal, the UNESCO Institute for Statistics (UIS) statistics database, last accessed June 2021."
Southern Asia,2010,Gross enrollment ratio - Secondary (male),61.1,,"United Nations Educational, Scientific and Cultural Organization (UNESCO), Montreal, the UNESCO Institute for Statistics (UIS) statistics database, last accessed June 2021."
Southern Asia,2010,Gross enrollment ratio - Secondary (female),57.1,,"United Nations Educational, Scientific and Cultural Organization (UNESCO), Montreal, the UNESCO Institute for Statistics (UIS) statistics database, last accessed June 2021."
Southern Asia,2010,Students enrolled in upper secondary education (thousands),"64,314",,"United Nations Educational, Scientific and Cultural Organization (UNESCO), Montreal, the UNESCO Institute for Statistics (UIS) statistics database, last accessed June 2021."
Southern Asia,2010,Gross enrollment ratio - Upper secondary level (male),49.6,,"United Nations Educational, Scientific and Cultural Organization (UNESCO), Montreal, the UNESCO Institute for Statistics (UIS) statistics database, last accessed June 2021."
Southern Asia,2010,Gross enrollment ratio - Upper secondary level (female),44.6,,"United Nations Educational, Scientific and Cultural Organization (UNESCO), Montreal, the UNESCO Institute for Statistics (UIS) statistics database, last accessed June 2021."
Southern Asia,2015,Students enrolled in primary education (thousands),"196,155",,"United Nations Educational, Scientific and Cultural Organization (UNESCO), Montreal, the UNESCO Institute for Statistics (UIS) statistics database, last accessed June 2021."
Southern Asia,2015,Gross enrollment ratio - Primary (male),103.4,,"United Nations Educational, Scientific and Cultural Organization (UNESCO), Montreal, the UNESCO Institute for Statistics (UIS) statistics database, last accessed June 2021."
Southern Asia,2015,Gross enrollment ratio - Primary (female),109.8,,"United Nations Educational, Scientific and Cultural Organization (UNESCO), Montreal, the UNESCO Institute for Statistics (UIS) statistics database, last accessed June 2021."
Southern Asia,2015,Students enrolled in secondary education (thousands),"170,442",,"United Nations Educational, Scientific and Cultural Organization (UNESCO), Montreal, the UNESCO Institute for Statistics (UIS) statistics database, last accessed June 2021."
Southern Asia,2015,Gross enrollment ratio - Secondary (male),69,,"United Nations Educational, Scientific and Cultural Organization (UNESCO), Montreal, the UNESCO Institute for Statistics (UIS) statistics database, last accessed June 2021."
Southern Asia,2015,Gross enrollment ratio - Secondary (female),68.9,,"United Nations Educational, Scientific and Cultural Organization (UNESCO), Montreal, the UNESCO Institute for Statistics (UIS) statistics database, last accessed June 2021."
Southern Asia,2015,Students enrolled in upper secondary education (thousands),"81,646",,"United Nations Educational, Scientific and Cultural Organization (UNESCO), Montreal, the UNESCO Institute for Statistics (UIS) statistics database, last accessed June 2021."
Southern Asia,2015,Gross enrollment ratio - Upper secondary level (male),59.6,,"United Nations Educational, Scientific and Cultural Organization (UNESCO), Montreal, the UNESCO Institute for Statistics (UIS) statistics database, last accessed June 2021."
Southern Asia,2015,Gross enrollment ratio - Upper secondary level (female),56.7,,"United Nations Educational, Scientific and Cultural Organization (UNESCO), Montreal, the UNESCO Institute for Statistics (UIS) statistics database, last accessed June 2021."
Southern Asia,2019,Students enrolled in primary education (thousands),"181,851",,"United Nations Educational, Scientific and Cultural Organization (UNESCO), Montreal, the UNESCO Institute for Statistics (UIS) statistics database, last accessed June 2021."
Southern Asia,2019,Gross enrollment ratio - Primary (male),100.3,,"United Nations Educational, Scientific and Cultural Organization (UNESCO), Montreal, the UNESCO Institute for Statistics (UIS) statistics database, last accessed June 2021."
Southern Asia,2019,Gross enrollment ratio - Primary (female),99.3,,"United Nations Educational, Scientific and Cultural Organization (UNESCO), Montreal, the UNESCO Institute for Statistics (UIS) statistics database, last accessed June 2021."
Southern Asia,2019,Students enrolled in secondary education (thousands),"175,740",,"United Nations Educational, Scientific and Cultural Organization (UNESCO), Montreal, the UNESCO Institute for Statistics (UIS) statistics database, last accessed June 2021."
Southern Asia,2019,Gross enrollment ratio - Secondary (male),70,,"United Nations Educational, Scientific and Cultural Organization (UNESCO), Montreal, the UNESCO Institute for Statistics (UIS) statistics database, last accessed June 2021."
Southern Asia,2019,Gross enrollment ratio - Secondary (female),70.5,,"United Nations Educational, Scientific and Cultural Organization (UNESCO), Montreal, the UNESCO Institute for Statistics (UIS) statistics database, last accessed June 2021."
Southern Asia,2019,Students enrolled in upper secondary education (thousands),"86,905",,"United Nations Educational, Scientific and Cultural Organization (UNESCO), Montreal, the UNESCO Institute for Statistics (UIS) statistics database, last accessed June 2021."
Southern Asia,2019,Gross enrollment ratio - Upper secondary level (male),62.1,,"United Nations Educational, Scientific and Cultural Organization (UNESCO), Montreal, the UNESCO Institute for Statistics (UIS) statistics database, last accessed June 2021."
Southern Asia,2019,Gross enrollment ratio - Upper secondary level (female),61,,"United Nations Educational, Scientific and Cultural Organization (UNESCO), Montreal, the UNESCO Institute for Statistics (UIS) statistics database, last accessed June 2021."
Brunei Darussalam,2005,Students enrolled in primary education (thousands),46,,"United Nations Educational, Scientific and Cultural Organization (UNESCO), Montreal, the UNESCO Institute for Statistics (UIS) statistics database, last accessed June 2021."
Brunei Darussalam,2005,Gross enrollment ratio - Primary (male),112.7,,"United Nations Educational, Scientific and Cultural Organization (UNESCO), Montreal, the UNESCO Institute for Statistics (UIS) statistics database, last accessed June 2021."
Brunei Darussalam,2005,Gross enrollment ratio - Primary (female),108.4,,"United Nations Educational, Scientific and Cultural Organization (UNESCO), Montreal, the UNESCO Institute for Statistics (UIS) statistics database, last accessed June 2021."
Brunei Darussalam,2005,Students enrolled in secondary education (thousands),44,,"United Nations Educational, Scientific and Cultural Organization (UNESCO), Montreal, the UNESCO Institute for Statistics (UIS) statistics database, last accessed June 2021."
Brunei Darussalam,2005,Gross enrollment ratio - Secondary (male),97.3,,"United Nations Educational, Scientific and Cultural Organization (UNESCO), Montreal, the UNESCO Institute for Statistics (UIS) statistics database, last accessed June 2021."
Brunei Darussalam,2005,Gross enrollment ratio - Secondary (female),95.8,,"United Nations Educational, Scientific and Cultural Organization (UNESCO), Montreal, the UNESCO Institute for Statistics (UIS) statistics database, last accessed June 2021."
Brunei Darussalam,2005,Students enrolled in upper secondary education (thousands),21,,"United Nations Educational, Scientific and Cultural Organization (UNESCO), Montreal, the UNESCO Institute for Statistics (UIS) statistics database, last accessed June 2021."
Brunei Darussalam,2005,Gross enrollment ratio - Upper secondary level (male),78.7,,"United Nations Educational, Scientific and Cultural Organization (UNESCO), Montreal, the UNESCO Institute for Statistics (UIS) statistics database, last accessed June 2021."
Brunei Darussalam,2005,Gross enrollment ratio - Upper secondary level (female),83.9,,"United Nations Educational, Scientific and Cultural Organization (UNESCO), Montreal, the UNESCO Institute for Statistics (UIS) statistics database, last accessed June 2021."
Brunei Darussalam,2010,Students enrolled in primary education (thousands),44,,"United Nations Educational, Scientific and Cultural Organization (UNESCO), Montreal, the UNESCO Institute for Statistics (UIS) statistics database, last accessed June 2021."
Brunei Darussalam,2010,Gross enrollment ratio - Primary (male),106.8,,"United Nations Educational, Scientific and Cultural Organization (UNESCO), Montreal, the UNESCO Institute for Statistics (UIS) statistics database, last accessed June 2021."
Brunei Darussalam,2010,Gross enrollment ratio - Primary (female),106.3,,"United Nations Educational, Scientific and Cultural Organization (UNESCO), Montreal, the UNESCO Institute for Statistics (UIS) statistics database, last accessed June 2021."
Brunei Darussalam,2010,Students enrolled in secondary education (thousands),49,,"United Nations Educational, Scientific and Cultural Organization (UNESCO), Montreal, the UNESCO Institute for Statistics (UIS) statistics database, last accessed June 2021."
Brunei Darussalam,2010,Gross enrollment ratio - Secondary (male),98.9,,"United Nations Educational, Scientific and Cultural Organization (UNESCO), Montreal, the UNESCO Institute for Statistics (UIS) statistics database, last accessed June 2021."
Brunei Darussalam,2010,Gross enrollment ratio - Secondary (female),99.5,,"United Nations Educational, Scientific and Cultural Organization (UNESCO), Montreal, the UNESCO Institute for Statistics (UIS) statistics database, last accessed June 2021."
Brunei Darussalam,2010,Students enrolled in upper secondary education (thousands),34,,"United Nations Educational, Scientific and Cultural Organization (UNESCO), Montreal, the UNESCO Institute for Statistics (UIS) statistics database, last accessed June 2021."
Brunei Darussalam,2010,Gross enrollment ratio - Upper secondary level (male),96.6,,"United Nations Educational, Scientific and Cultural Organization (UNESCO), Montreal, the UNESCO Institute for Statistics (UIS) statistics database, last accessed June 2021."
Brunei Darussalam,2010,Gross enrollment ratio - Upper secondary level (female),97.7,,"United Nations Educational, Scientific and Cultural Organization (UNESCO), Montreal, the UNESCO Institute for Statistics (UIS) statistics database, last accessed June 2021."
Brunei Darussalam,2015,Students enrolled in primary education (thousands),40,,"United Nations Educational, Scientific and Cultural Organization (UNESCO), Montreal, the UNESCO Institute for Statistics (UIS) statistics database, last accessed June 2021."
Brunei Darussalam,2015,Gross enrollment ratio - Primary (male),105.7,,"United Nations Educational, Scientific and Cultural Organization (UNESCO), Montreal, the UNESCO Institute for Statistics (UIS) statistics database, last accessed June 2021."
Brunei Darussalam,2015,Gross enrollment ratio - Primary (female),105.3,,"United Nations Educational, Scientific and Cultural Organization (UNESCO), Montreal, the UNESCO Institute for Statistics (UIS) statistics database, last accessed June 2021."
Brunei Darussalam,2015,Students enrolled in secondary education (thousands),47,,"United Nations Educational, Scientific and Cultural Organization (UNESCO), Montreal, the UNESCO Institute for Statistics (UIS) statistics database, last accessed June 2021."
Brunei Darussalam,2015,Gross enrollment ratio - Secondary (male),95.5,,"United Nations Educational, Scientific and Cultural Organization (UNESCO), Montreal, the UNESCO Institute for Statistics (UIS) statistics database, last accessed June 2021."
Brunei Darussalam,2015,Gross enrollment ratio - Secondary (female),97.5,,"United Nations Educational, Scientific and Cultural Organization (UNESCO), Montreal, the UNESCO Institute for Statistics (UIS) statistics database, last accessed June 2021."
Brunei Darussalam,2015,Students enrolled in upper secondary education (thousands),33,,"United Nations Educational, Scientific and Cultural Organization (UNESCO), Montreal, the UNESCO Institute for Statistics (UIS) statistics database, last accessed June 2021."
Brunei Darussalam,2015,Gross enrollment ratio - Upper secondary level (male),91.6,,"United Nations Educational, Scientific and Cultural Organization (UNESCO), Montreal, the UNESCO Institute for Statistics (UIS) statistics database, last accessed June 2021."
Brunei Darussalam,2015,Gross enrollment ratio - Upper secondary level (female),95,,"United Nations Educational, Scientific and Cultural Organization (UNESCO), Montreal, the UNESCO Institute for Statistics (UIS) statistics database, last accessed June 2021."
Brunei Darussalam,2019,Students enrolled in primary education (thousands),39,,"United Nations Educational, Scientific and Cultural Organization (UNESCO), Montreal, the UNESCO Institute for Statistics (UIS) statistics database, last accessed June 2021."
Brunei Darussalam,2019,Gross enrollment ratio - Primary (male),99.7,,"United Nations Educational, Scientific and Cultural Organization (UNESCO), Montreal, the UNESCO Institute for Statistics (UIS) statistics database, last accessed June 2021."
Brunei Darussalam,2019,Gross enrollment ratio - Primary (female),100.5,,"United Nations Educational, Scientific and Cultural Organization (UNESCO), Montreal, the UNESCO Institute for Statistics (UIS) statistics database, last accessed June 2021."
Brunei Darussalam,2019,Students enrolled in secondary education (thousands),43,,"United Nations Educational, Scientific and Cultural Organization (UNESCO), Montreal, the UNESCO Institute for Statistics (UIS) statistics database, last accessed June 2021."
Brunei Darussalam,2019,Gross enrollment ratio - Secondary (male),90.6,,"United Nations Educational, Scientific and Cultural Organization (UNESCO), Montreal, the UNESCO Institute for Statistics (UIS) statistics database, last accessed June 2021."
Brunei Darussalam,2019,Gross enrollment ratio - Secondary (female),93.7,,"United Nations Educational, Scientific and Cultural Organization (UNESCO), Montreal, the UNESCO Institute for Statistics (UIS) statistics database, last accessed June 2021."
Brunei Darussalam,2019,Students enrolled in upper secondary education (thousands),29,,"United Nations Educational, Scientific and Cultural Organization (UNESCO), Montreal, the UNESCO Institute for Statistics (UIS) statistics database, last accessed June 2021."
Brunei Darussalam,2019,Gross enrollment ratio - Upper secondary level (male),83.7,,"United Nations Educational, Scientific and Cultural Organization (UNESCO), Montreal, the UNESCO Institute for Statistics (UIS) statistics database, last accessed June 2021."
Brunei Darussalam,2019,Gross enrollment ratio - Upper secondary level (female),88.1,,"United Nations Educational, Scientific and Cultural Organization (UNESCO), Montreal, the UNESCO Institute for Statistics (UIS) statistics database, last accessed June 2021."
Cambodia,2005,Students enrolled in primary education (thousands),"2,695",,"United Nations Educational, Scientific and Cultural Organization (UNESCO), Montreal, the UNESCO Institute for Statistics (UIS) statistics database, last accessed June 2021."
Cambodia,2005,Gross enrollment ratio - Primary (male),135.6,,"United Nations Educational, Scientific and Cultural Organization (UNESCO), Montreal, the UNESCO Institute for Statistics (UIS) statistics database, last accessed June 2021."
Cambodia,2005,Gross enrollment ratio - Primary (female),126,,"United Nations Educational, Scientific and Cultural Organization (UNESCO), Montreal, the UNESCO Institute for Statistics (UIS) statistics database, last accessed June 2021."
Cambodia,2008,Students enrolled in primary education (thousands),"2,341",,"United Nations Educational, Scientific and Cultural Organization (UNESCO), Montreal, the UNESCO Institute for Statistics (UIS) statistics database, last accessed June 2021."
Cambodia,2008,Gross enrollment ratio - Primary (male),127.6,,"United Nations Educational, Scientific and Cultural Organization (UNESCO), Montreal, the UNESCO Institute for Statistics (UIS) statistics database, last accessed June 2021."
Cambodia,2008,Gross enrollment ratio - Primary (female),119.7,,"United Nations Educational, Scientific and Cultural Organization (UNESCO), Montreal, the UNESCO Institute for Statistics (UIS) statistics database, last accessed June 2021."
Cambodia,2008,Students enrolled in secondary education (thousands),930,Estimate.,"United Nations Educational, Scientific and Cultural Organization (UNESCO), Montreal, the UNESCO Institute for Statistics (UIS) statistics database, last accessed June 2021."
Cambodia,2008,Gross enrollment ratio - Secondary (male),48.7,Estimate.,"United Nations Educational, Scientific and Cultural Organization (UNESCO), Montreal, the UNESCO Institute for Statistics (UIS) statistics database, last accessed June 2021."
Cambodia,2008,Gross enrollment ratio - Secondary (female),41.6,Estimate.,"United Nations Educational, Scientific and Cultural Organization (UNESCO), Montreal, the UNESCO Institute for Statistics (UIS) statistics database, last accessed June 2021."
Cambodia,2008,Students enrolled in upper secondary education (thousands),286,Estimate.,"United Nations Educational, Scientific and Cultural Organization (UNESCO), Montreal, the UNESCO Institute for Statistics (UIS) statistics database, last accessed June 2021."
Cambodia,2008,Gross enrollment ratio - Upper secondary level (male),33,Estimate.,"United Nations Educational, Scientific and Cultural Organization (UNESCO), Montreal, the UNESCO Institute for Statistics (UIS) statistics database, last accessed June 2021."
Cambodia,2008,Gross enrollment ratio - Upper secondary level (female),24.3,Estimate.,"United Nations Educational, Scientific and Cultural Organization (UNESCO), Montreal, the UNESCO Institute for Statistics (UIS) statistics database, last accessed June 2021."
Cambodia,2010,Students enrolled in primary education (thousands),"2,273",,"United Nations Educational, Scientific and Cultural Organization (UNESCO), Montreal, the UNESCO Institute for Statistics (UIS) statistics database, last accessed June 2021."
Cambodia,2010,Gross enrollment ratio - Primary (male),127.4,,"United Nations Educational, Scientific and Cultural Organization (UNESCO), Montreal, the UNESCO Institute for Statistics (UIS) statistics database, last accessed June 2021."
Cambodia,2010,Gross enrollment ratio - Primary (female),120.2,,"United Nations Educational, Scientific and Cultural Organization (UNESCO), Montreal, the UNESCO Institute for Statistics (UIS) statistics database, last accessed June 2021."
Cambodia,2015,Students enrolled in primary education (thousands),"2,179",,"United Nations Educational, Scientific and Cultural Organization (UNESCO), Montreal, the UNESCO Institute for Statistics (UIS) statistics database, last accessed June 2021."
Cambodia,2015,Gross enrollment ratio - Primary (male),117.5,,"United Nations Educational, Scientific and Cultural Organization (UNESCO), Montreal, the UNESCO Institute for Statistics (UIS) statistics database, last accessed June 2021."
Cambodia,2015,Gross enrollment ratio - Primary (female),116.7,,"United Nations Educational, Scientific and Cultural Organization (UNESCO), Montreal, the UNESCO Institute for Statistics (UIS) statistics database, last accessed June 2021."
Cambodia,2019,Students enrolled in primary education (thousands),"2,163",,"United Nations Educational, Scientific and Cultural Organization (UNESCO), Montreal, the UNESCO Institute for Statistics (UIS) statistics database, last accessed June 2021."
Cambodia,2019,Gross enrollment ratio - Primary (male),107.8,,"United Nations Educational, Scientific and Cultural Organization (UNESCO), Montreal, the UNESCO Institute for Statistics (UIS) statistics database, last accessed June 2021."
Cambodia,2019,Gross enrollment ratio - Primary (female),105,,"United Nations Educational, Scientific and Cultural Organization (UNESCO), Montreal, the UNESCO Institute for Statistics (UIS) statistics database, last accessed June 2021."
Indonesia,2005,Students enrolled in primary education (thousands),"29,150",,"United Nations Educational, Scientific and Cultural Organization (UNESCO), Montreal, the UNESCO Institute for Statistics (UIS) statistics database, last accessed June 2021."
Indonesia,2005,Gross enrollment ratio - Primary (male),109.6,Estimate.,"United Nations Educational, Scientific and Cultural Organization (UNESCO), Montreal, the UNESCO Institute for Statistics (UIS) statistics database, last accessed June 2021."
Indonesia,2005,Gross enrollment ratio - Primary (female),106.2,Estimate.,"United Nations Educational, Scientific and Cultural Organization (UNESCO), Montreal, the UNESCO Institute for Statistics (UIS) statistics database, last accessed June 2021."
Indonesia,2005,Students enrolled in secondary education (thousands),"15,993",,"United Nations Educational, Scientific and Cultural Organization (UNESCO), Montreal, the UNESCO Institute for Statistics (UIS) statistics database, last accessed June 2021."
Indonesia,2005,Gross enrollment ratio - Secondary (male),60.5,Estimate.,"United Nations Educational, Scientific and Cultural Organization (UNESCO), Montreal, the UNESCO Institute for Statistics (UIS) statistics database, last accessed June 2021."
Indonesia,2005,Gross enrollment ratio - Secondary (female),59.8,Estimate.,"United Nations Educational, Scientific and Cultural Organization (UNESCO), Montreal, the UNESCO Institute for Statistics (UIS) statistics database, last accessed June 2021."
Indonesia,2005,Students enrolled in upper secondary education (thousands),"6,311",,"United Nations Educational, Scientific and Cultural Organization (UNESCO), Montreal, the UNESCO Institute for Statistics (UIS) statistics database, last accessed June 2021."
Indonesia,2005,Gross enrollment ratio - Upper secondary level (male),49.1,Estimate.,"United Nations Educational, Scientific and Cultural Organization (UNESCO), Montreal, the UNESCO Institute for Statistics (UIS) statistics database, last accessed June 2021."
Indonesia,2005,Gross enrollment ratio - Upper secondary level (female),46.6,Estimate.,"United Nations Educational, Scientific and Cultural Organization (UNESCO), Montreal, the UNESCO Institute for Statistics (UIS) statistics database, last accessed June 2021."
Indonesia,2010,Students enrolled in primary education (thousands),"30,342",,"United Nations Educational, Scientific and Cultural Organization (UNESCO), Montreal, the UNESCO Institute for Statistics (UIS) statistics database, last accessed June 2021."
Indonesia,2010,Gross enrollment ratio - Primary (male),107.4,,"United Nations Educational, Scientific and Cultural Organization (UNESCO), Montreal, the UNESCO Institute for Statistics (UIS) statistics database, last accessed June 2021."
Indonesia,2010,Gross enrollment ratio - Primary (female),111,,"United Nations Educational, Scientific and Cultural Organization (UNESCO), Montreal, the UNESCO Institute for Statistics (UIS) statistics database, last accessed June 2021."
Indonesia,2010,Students enrolled in secondary education (thousands),"19,976",,"United Nations Educational, Scientific and Cultural Organization (UNESCO), Montreal, the UNESCO Institute for Statistics (UIS) statistics database, last accessed June 2021."
Indonesia,2010,Gross enrollment ratio - Secondary (male),76.2,,"United Nations Educational, Scientific and Cultural Organization (UNESCO), Montreal, the UNESCO Institute for Statistics (UIS) statistics database, last accessed June 2021."
Indonesia,2010,Gross enrollment ratio - Secondary (female),76.7,,"United Nations Educational, Scientific and Cultural Organization (UNESCO), Montreal, the UNESCO Institute for Statistics (UIS) statistics database, last accessed June 2021."
Indonesia,2010,Students enrolled in upper secondary education (thousands),"8,179",,"United Nations Educational, Scientific and Cultural Organization (UNESCO), Montreal, the UNESCO Institute for Statistics (UIS) statistics database, last accessed June 2021."
Indonesia,2010,Gross enrollment ratio - Upper secondary level (male),64.5,,"United Nations Educational, Scientific and Cultural Organization (UNESCO), Montreal, the UNESCO Institute for Statistics (UIS) statistics database, last accessed June 2021."
Indonesia,2010,Gross enrollment ratio - Upper secondary level (female),63.1,,"United Nations Educational, Scientific and Cultural Organization (UNESCO), Montreal, the UNESCO Institute for Statistics (UIS) statistics database, last accessed June 2021."
Indonesia,2015,Students enrolled in primary education (thousands),"29,700",,"United Nations Educational, Scientific and Cultural Organization (UNESCO), Montreal, the UNESCO Institute for Statistics (UIS) statistics database, last accessed June 2021."
Indonesia,2015,Gross enrollment ratio - Primary (male),107.4,,"United Nations Educational, Scientific and Cultural Organization (UNESCO), Montreal, the UNESCO Institute for Statistics (UIS) statistics database, last accessed June 2021."
Indonesia,2015,Gross enrollment ratio - Primary (female),104.4,,"United Nations Educational, Scientific and Cultural Organization (UNESCO), Montreal, the UNESCO Institute for Statistics (UIS) statistics database, last accessed June 2021."
Indonesia,2015,Students enrolled in secondary education (thousands),"23,756",,"United Nations Educational, Scientific and Cultural Organization (UNESCO), Montreal, the UNESCO Institute for Statistics (UIS) statistics database, last accessed June 2021."
Indonesia,2015,Gross enrollment ratio - Secondary (male),86,,"United Nations Educational, Scientific and Cultural Organization (UNESCO), Montreal, the UNESCO Institute for Statistics (UIS) statistics database, last accessed June 2021."
Indonesia,2015,Gross enrollment ratio - Secondary (female),86.3,,"United Nations Educational, Scientific and Cultural Organization (UNESCO), Montreal, the UNESCO Institute for Statistics (UIS) statistics database, last accessed June 2021."
Indonesia,2015,Students enrolled in upper secondary education (thousands),"10,356",,"United Nations Educational, Scientific and Cultural Organization (UNESCO), Montreal, the UNESCO Institute for Statistics (UIS) statistics database, last accessed June 2021."
Indonesia,2015,Gross enrollment ratio - Upper secondary level (male),77.8,,"United Nations Educational, Scientific and Cultural Organization (UNESCO), Montreal, the UNESCO Institute for Statistics (UIS) statistics database, last accessed June 2021."
Indonesia,2015,Gross enrollment ratio - Upper secondary level (female),74.4,,"United Nations Educational, Scientific and Cultural Organization (UNESCO), Montreal, the UNESCO Institute for Statistics (UIS) statistics database, last accessed June 2021."
Indonesia,2018,Students enrolled in primary education (thousands),"29,426",,"United Nations Educational, Scientific and Cultural Organization (UNESCO), Montreal, the UNESCO Institute for Statistics (UIS) statistics database, last accessed June 2021."
Indonesia,2018,Gross enrollment ratio - Primary (male),108.1,,"United Nations Educational, Scientific and Cultural Organization (UNESCO), Montreal, the UNESCO Institute for Statistics (UIS) statistics database, last accessed June 2021."
Indonesia,2018,Gross enrollment ratio - Primary (female),104.6,,"United Nations Educational, Scientific and Cultural Organization (UNESCO), Montreal, the UNESCO Institute for Statistics (UIS) statistics database, last accessed June 2021."
Indonesia,2018,Students enrolled in secondary education (thousands),"24,894",,"United Nations Educational, Scientific and Cultural Organization (UNESCO), Montreal, the UNESCO Institute for Statistics (UIS) statistics database, last accessed June 2021."
Indonesia,2018,Gross enrollment ratio - Secondary (male),87.8,,"United Nations Educational, Scientific and Cultural Organization (UNESCO), Montreal, the UNESCO Institute for Statistics (UIS) statistics database, last accessed June 2021."
Indonesia,2018,Gross enrollment ratio - Secondary (female),90,,"United Nations Educational, Scientific and Cultural Organization (UNESCO), Montreal, the UNESCO Institute for Statistics (UIS) statistics database, last accessed June 2021."
Indonesia,2018,Students enrolled in upper secondary education (thousands),"11,174",,"United Nations Educational, Scientific and Cultural Organization (UNESCO), Montreal, the UNESCO Institute for Statistics (UIS) statistics database, last accessed June 2021."
Indonesia,2018,Gross enrollment ratio - Upper secondary level (male),78.7,,"United Nations Educational, Scientific and Cultural Organization (UNESCO), Montreal, the UNESCO Institute for Statistics (UIS) statistics database, last accessed June 2021."
Indonesia,2018,Gross enrollment ratio - Upper secondary level (female),81.9,,"United Nations Educational, Scientific and Cultural Organization (UNESCO), Montreal, the UNESCO Institute for Statistics (UIS) statistics database, last accessed June 2021."
Lao People's Dem. Rep.,2005,Students enrolled in primary education (thousands),891,,"United Nations Educational, Scientific and Cultural Organization (UNESCO), Montreal, the UNESCO Institute for Statistics (UIS) statistics database, last accessed June 2021."
Lao People's Dem. Rep.,2005,Gross enrollment ratio - Primary (male),120.2,,"United Nations Educational, Scientific and Cultural Organization (UNESCO), Montreal, the UNESCO Institute for Statistics (UIS) statistics database, last accessed June 2021."
Lao People's Dem. Rep.,2005,Gross enrollment ratio - Primary (female),104.4,,"United Nations Educational, Scientific and Cultural Organization (UNESCO), Montreal, the UNESCO Institute for Statistics (UIS) statistics database, last accessed June 2021."
Lao People's Dem. Rep.,2005,Students enrolled in secondary education (thousands),394,,"United Nations Educational, Scientific and Cultural Organization (UNESCO), Montreal, the UNESCO Institute for Statistics (UIS) statistics database, last accessed June 2021."
Lao People's Dem. Rep.,2005,Gross enrollment ratio - Secondary (male),49.8,,"United Nations Educational, Scientific and Cultural Organization (UNESCO), Montreal, the UNESCO Institute for Statistics (UIS) statistics database, last accessed June 2021."
Lao People's Dem. Rep.,2005,Gross enrollment ratio - Secondary (female),37.4,,"United Nations Educational, Scientific and Cultural Organization (UNESCO), Montreal, the UNESCO Institute for Statistics (UIS) statistics database, last accessed June 2021."
Lao People's Dem. Rep.,2005,Students enrolled in upper secondary education (thousands),150,,"United Nations Educational, Scientific and Cultural Organization (UNESCO), Montreal, the UNESCO Institute for Statistics (UIS) statistics database, last accessed June 2021."
Lao People's Dem. Rep.,2005,Gross enrollment ratio - Upper secondary level (male),40.8,,"United Nations Educational, Scientific and Cultural Organization (UNESCO), Montreal, the UNESCO Institute for Statistics (UIS) statistics database, last accessed June 2021."
Lao People's Dem. Rep.,2005,Gross enrollment ratio - Upper secondary level (female),28.8,,"United Nations Educational, Scientific and Cultural Organization (UNESCO), Montreal, the UNESCO Institute for Statistics (UIS) statistics database, last accessed June 2021."
Lao People's Dem. Rep.,2010,Students enrolled in primary education (thousands),916,,"United Nations Educational, Scientific and Cultural Organization (UNESCO), Montreal, the UNESCO Institute for Statistics (UIS) statistics database, last accessed June 2021."
Lao People's Dem. Rep.,2010,Gross enrollment ratio - Primary (male),128.9,,"United Nations Educational, Scientific and Cultural Organization (UNESCO), Montreal, the UNESCO Institute for Statistics (UIS) statistics database, last accessed June 2021."
Lao People's Dem. Rep.,2010,Gross enrollment ratio - Primary (female),117.9,,"United Nations Educational, Scientific and Cultural Organization (UNESCO), Montreal, the UNESCO Institute for Statistics (UIS) statistics database, last accessed June 2021."
Lao People's Dem. Rep.,2010,Students enrolled in secondary education (thousands),435,,"United Nations Educational, Scientific and Cultural Organization (UNESCO), Montreal, the UNESCO Institute for Statistics (UIS) statistics database, last accessed June 2021."
Lao People's Dem. Rep.,2010,Gross enrollment ratio - Secondary (male),51.5,,"United Nations Educational, Scientific and Cultural Organization (UNESCO), Montreal, the UNESCO Institute for Statistics (UIS) statistics database, last accessed June 2021."
Lao People's Dem. Rep.,2010,Gross enrollment ratio - Secondary (female),42.3,,"United Nations Educational, Scientific and Cultural Organization (UNESCO), Montreal, the UNESCO Institute for Statistics (UIS) statistics database, last accessed June 2021."
Lao People's Dem. Rep.,2010,Students enrolled in upper secondary education (thousands),99,,"United Nations Educational, Scientific and Cultural Organization (UNESCO), Montreal, the UNESCO Institute for Statistics (UIS) statistics database, last accessed June 2021."
Lao People's Dem. Rep.,2010,Gross enrollment ratio - Upper secondary level (male),35.2,,"United Nations Educational, Scientific and Cultural Organization (UNESCO), Montreal, the UNESCO Institute for Statistics (UIS) statistics database, last accessed June 2021."
Lao People's Dem. Rep.,2010,Gross enrollment ratio - Upper secondary level (female),28.4,,"United Nations Educational, Scientific and Cultural Organization (UNESCO), Montreal, the UNESCO Institute for Statistics (UIS) statistics database, last accessed June 2021."
Lao People's Dem. Rep.,2015,Students enrolled in primary education (thousands),850,,"United Nations Educational, Scientific and Cultural Organization (UNESCO), Montreal, the UNESCO Institute for Statistics (UIS) statistics database, last accessed June 2021."
Lao People's Dem. Rep.,2015,Gross enrollment ratio - Primary (male),116.6,,"United Nations Educational, Scientific and Cultural Organization (UNESCO), Montreal, the UNESCO Institute for Statistics (UIS) statistics database, last accessed June 2021."
Lao People's Dem. Rep.,2015,Gross enrollment ratio - Primary (female),111.3,,"United Nations Educational, Scientific and Cultural Organization (UNESCO), Montreal, the UNESCO Institute for Statistics (UIS) statistics database, last accessed June 2021."
Lao People's Dem. Rep.,2015,Students enrolled in secondary education (thousands),640,,"United Nations Educational, Scientific and Cultural Organization (UNESCO), Montreal, the UNESCO Institute for Statistics (UIS) statistics database, last accessed June 2021."
Lao People's Dem. Rep.,2015,Gross enrollment ratio - Secondary (male),66.1,,"United Nations Educational, Scientific and Cultural Organization (UNESCO), Montreal, the UNESCO Institute for Statistics (UIS) statistics database, last accessed June 2021."
Lao People's Dem. Rep.,2015,Gross enrollment ratio - Secondary (female),60.7,,"United Nations Educational, Scientific and Cultural Organization (UNESCO), Montreal, the UNESCO Institute for Statistics (UIS) statistics database, last accessed June 2021."
Lao People's Dem. Rep.,2015,Students enrolled in upper secondary education (thousands),196,,"United Nations Educational, Scientific and Cultural Organization (UNESCO), Montreal, the UNESCO Institute for Statistics (UIS) statistics database, last accessed June 2021."
Lao People's Dem. Rep.,2015,Gross enrollment ratio - Upper secondary level (male),47.8,,"United Nations Educational, Scientific and Cultural Organization (UNESCO), Montreal, the UNESCO Institute for Statistics (UIS) statistics database, last accessed June 2021."
Lao People's Dem. Rep.,2015,Gross enrollment ratio - Upper secondary level (female),42.6,,"United Nations Educational, Scientific and Cultural Organization (UNESCO), Montreal, the UNESCO Institute for Statistics (UIS) statistics database, last accessed June 2021."
Lao People's Dem. Rep.,2019,Students enrolled in primary education (thousands),771,,"United Nations Educational, Scientific and Cultural Organization (UNESCO), Montreal, the UNESCO Institute for Statistics (UIS) statistics database, last accessed June 2021."
Lao People's Dem. Rep.,2019,Gross enrollment ratio - Primary (male),101.8,,"United Nations Educational, Scientific and Cultural Organization (UNESCO), Montreal, the UNESCO Institute for Statistics (UIS) statistics database, last accessed June 2021."
Lao People's Dem. Rep.,2019,Gross enrollment ratio - Primary (female),98.3,,"United Nations Educational, Scientific and Cultural Organization (UNESCO), Montreal, the UNESCO Institute for Statistics (UIS) statistics database, last accessed June 2021."
Lao People's Dem. Rep.,2019,Students enrolled in secondary education (thousands),666,,"United Nations Educational, Scientific and Cultural Organization (UNESCO), Montreal, the UNESCO Institute for Statistics (UIS) statistics database, last accessed June 2021."
Lao People's Dem. Rep.,2019,Gross enrollment ratio - Secondary (male),67.9,,"United Nations Educational, Scientific and Cultural Organization (UNESCO), Montreal, the UNESCO Institute for Statistics (UIS) statistics database, last accessed June 2021."
Lao People's Dem. Rep.,2019,Gross enrollment ratio - Secondary (female),63.6,,"United Nations Educational, Scientific and Cultural Organization (UNESCO), Montreal, the UNESCO Institute for Statistics (UIS) statistics database, last accessed June 2021."
Lao People's Dem. Rep.,2019,Students enrolled in upper secondary education (thousands),222,,"United Nations Educational, Scientific and Cultural Organization (UNESCO), Montreal, the UNESCO Institute for Statistics (UIS) statistics database, last accessed June 2021."
Lao People's Dem. Rep.,2019,Gross enrollment ratio - Upper secondary level (male),55.2,,"United Nations Educational, Scientific and Cultural Organization (UNESCO), Montreal, the UNESCO Institute for Statistics (UIS) statistics database, last accessed June 2021."
Lao People's Dem. Rep.,2019,Gross enrollment ratio - Upper secondary level (female),49.3,,"United Nations Educational, Scientific and Cultural Organization (UNESCO), Montreal, the UNESCO Institute for Statistics (UIS) statistics database, last accessed June 2021."
Malaysia,2005,Students enrolled in primary education (thousands),"3,202",,"United Nations Educational, Scientific and Cultural Organization (UNESCO), Montreal, the UNESCO Institute for Statistics (UIS) statistics database, last accessed June 2021."
Malaysia,2005,Gross enrollment ratio - Primary (male),100,,"United Nations Educational, Scientific and Cultural Organization (UNESCO), Montreal, the UNESCO Institute for Statistics (UIS) statistics database, last accessed June 2021."
Malaysia,2005,Gross enrollment ratio - Primary (female),100,,"United Nations Educational, Scientific and Cultural Organization (UNESCO), Montreal, the UNESCO Institute for Statistics (UIS) statistics database, last accessed June 2021."
Malaysia,2005,Students enrolled in secondary education (thousands),"2,489",,"United Nations Educational, Scientific and Cultural Organization (UNESCO), Montreal, the UNESCO Institute for Statistics (UIS) statistics database, last accessed June 2021."
Malaysia,2005,Gross enrollment ratio - Secondary (male),76.8,,"United Nations Educational, Scientific and Cultural Organization (UNESCO), Montreal, the UNESCO Institute for Statistics (UIS) statistics database, last accessed June 2021."
Malaysia,2005,Gross enrollment ratio - Secondary (female),84.7,,"United Nations Educational, Scientific and Cultural Organization (UNESCO), Montreal, the UNESCO Institute for Statistics (UIS) statistics database, last accessed June 2021."
Malaysia,2005,Students enrolled in upper secondary education (thousands),"1,066",,"United Nations Educational, Scientific and Cultural Organization (UNESCO), Montreal, the UNESCO Institute for Statistics (UIS) statistics database, last accessed June 2021."
Malaysia,2005,Gross enrollment ratio - Upper secondary level (male),62,,"United Nations Educational, Scientific and Cultural Organization (UNESCO), Montreal, the UNESCO Institute for Statistics (UIS) statistics database, last accessed June 2021."
Malaysia,2005,Gross enrollment ratio - Upper secondary level (female),75.7,,"United Nations Educational, Scientific and Cultural Organization (UNESCO), Montreal, the UNESCO Institute for Statistics (UIS) statistics database, last accessed June 2021."
Malaysia,2010,Students enrolled in primary education (thousands),"3,234",,"United Nations Educational, Scientific and Cultural Organization (UNESCO), Montreal, the UNESCO Institute for Statistics (UIS) statistics database, last accessed June 2021."
Malaysia,2010,Gross enrollment ratio - Primary (male),99.3,,"United Nations Educational, Scientific and Cultural Organization (UNESCO), Montreal, the UNESCO Institute for Statistics (UIS) statistics database, last accessed June 2021."
Malaysia,2010,Gross enrollment ratio - Primary (female),100.2,,"United Nations Educational, Scientific and Cultural Organization (UNESCO), Montreal, the UNESCO Institute for Statistics (UIS) statistics database, last accessed June 2021."
Malaysia,2010,Students enrolled in secondary education (thousands),"2,616",,"United Nations Educational, Scientific and Cultural Organization (UNESCO), Montreal, the UNESCO Institute for Statistics (UIS) statistics database, last accessed June 2021."
Malaysia,2010,Gross enrollment ratio - Secondary (male),74.5,,"United Nations Educational, Scientific and Cultural Organization (UNESCO), Montreal, the UNESCO Institute for Statistics (UIS) statistics database, last accessed June 2021."
Malaysia,2010,Gross enrollment ratio - Secondary (female),80.2,,"United Nations Educational, Scientific and Cultural Organization (UNESCO), Montreal, the UNESCO Institute for Statistics (UIS) statistics database, last accessed June 2021."
Malaysia,2010,Students enrolled in upper secondary education (thousands),"1,099",,"United Nations Educational, Scientific and Cultural Organization (UNESCO), Montreal, the UNESCO Institute for Statistics (UIS) statistics database, last accessed June 2021."
Malaysia,2010,Gross enrollment ratio - Upper secondary level (male),60.2,,"United Nations Educational, Scientific and Cultural Organization (UNESCO), Montreal, the UNESCO Institute for Statistics (UIS) statistics database, last accessed June 2021."
Malaysia,2010,Gross enrollment ratio - Upper secondary level (female),70,,"United Nations Educational, Scientific and Cultural Organization (UNESCO), Montreal, the UNESCO Institute for Statistics (UIS) statistics database, last accessed June 2021."
Malaysia,2015,Students enrolled in primary education (thousands),"3,108",,"United Nations Educational, Scientific and Cultural Organization (UNESCO), Montreal, the UNESCO Institute for Statistics (UIS) statistics database, last accessed June 2021."
Malaysia,2015,Gross enrollment ratio - Primary (male),103.5,,"United Nations Educational, Scientific and Cultural Organization (UNESCO), Montreal, the UNESCO Institute for Statistics (UIS) statistics database, last accessed June 2021."
Malaysia,2015,Gross enrollment ratio - Primary (female),104.1,,"United Nations Educational, Scientific and Cultural Organization (UNESCO), Montreal, the UNESCO Institute for Statistics (UIS) statistics database, last accessed June 2021."
Malaysia,2015,Students enrolled in secondary education (thousands),"2,801",,"United Nations Educational, Scientific and Cultural Organization (UNESCO), Montreal, the UNESCO Institute for Statistics (UIS) statistics database, last accessed June 2021."
Malaysia,2015,Gross enrollment ratio - Secondary (male),81.4,,"United Nations Educational, Scientific and Cultural Organization (UNESCO), Montreal, the UNESCO Institute for Statistics (UIS) statistics database, last accessed June 2021."
Malaysia,2015,Gross enrollment ratio - Secondary (female),88.7,,"United Nations Educational, Scientific and Cultural Organization (UNESCO), Montreal, the UNESCO Institute for Statistics (UIS) statistics database, last accessed June 2021."
Malaysia,2015,Students enrolled in upper secondary education (thousands),"1,369",,"United Nations Educational, Scientific and Cultural Organization (UNESCO), Montreal, the UNESCO Institute for Statistics (UIS) statistics database, last accessed June 2021."
Malaysia,2015,Gross enrollment ratio - Upper secondary level (male),76.2,,"United Nations Educational, Scientific and Cultural Organization (UNESCO), Montreal, the UNESCO Institute for Statistics (UIS) statistics database, last accessed June 2021."
Malaysia,2015,Gross enrollment ratio - Upper secondary level (female),86.9,,"United Nations Educational, Scientific and Cultural Organization (UNESCO), Montreal, the UNESCO Institute for Statistics (UIS) statistics database, last accessed June 2021."
Malaysia,2017,Students enrolled in primary education (thousands),"3,085",,"United Nations Educational, Scientific and Cultural Organization (UNESCO), Montreal, the UNESCO Institute for Statistics (UIS) statistics database, last accessed June 2021."
Malaysia,2017,Gross enrollment ratio - Primary (male),104.6,,"United Nations Educational, Scientific and Cultural Organization (UNESCO), Montreal, the UNESCO Institute for Statistics (UIS) statistics database, last accessed June 2021."
Malaysia,2017,Gross enrollment ratio - Primary (female),106,,"United Nations Educational, Scientific and Cultural Organization (UNESCO), Montreal, the UNESCO Institute for Statistics (UIS) statistics database, last accessed June 2021."
Malaysia,2017,Students enrolled in secondary education (thousands),"2,745",,"United Nations Educational, Scientific and Cultural Organization (UNESCO), Montreal, the UNESCO Institute for Statistics (UIS) statistics database, last accessed June 2021."
Malaysia,2017,Gross enrollment ratio - Secondary (male),83.1,,"United Nations Educational, Scientific and Cultural Organization (UNESCO), Montreal, the UNESCO Institute for Statistics (UIS) statistics database, last accessed June 2021."
Malaysia,2017,Gross enrollment ratio - Secondary (female),88,,"United Nations Educational, Scientific and Cultural Organization (UNESCO), Montreal, the UNESCO Institute for Statistics (UIS) statistics database, last accessed June 2021."
Malaysia,2017,Students enrolled in upper secondary education (thousands),"1,365",,"United Nations Educational, Scientific and Cultural Organization (UNESCO), Montreal, the UNESCO Institute for Statistics (UIS) statistics database, last accessed June 2021."
Malaysia,2017,Gross enrollment ratio - Upper secondary level (male),79.3,,"United Nations Educational, Scientific and Cultural Organization (UNESCO), Montreal, the UNESCO Institute for Statistics (UIS) statistics database, last accessed June 2021."
Malaysia,2017,Gross enrollment ratio - Upper secondary level (female),86.8,,"United Nations Educational, Scientific and Cultural Organization (UNESCO), Montreal, the UNESCO Institute for Statistics (UIS) statistics database, last accessed June 2021."
Malaysia,2019,Students enrolled in secondary education (thousands),"2,602",,"United Nations Educational, Scientific and Cultural Organization (UNESCO), Montreal, the UNESCO Institute for Statistics (UIS) statistics database, last accessed June 2021."
Malaysia,2019,Gross enrollment ratio - Secondary (male),80.7,,"United Nations Educational, Scientific and Cultural Organization (UNESCO), Montreal, the UNESCO Institute for Statistics (UIS) statistics database, last accessed June 2021."
Malaysia,2019,Gross enrollment ratio - Secondary (female),87,,"United Nations Educational, Scientific and Cultural Organization (UNESCO), Montreal, the UNESCO Institute for Statistics (UIS) statistics database, last accessed June 2021."
Malaysia,2019,Students enrolled in upper secondary education (thousands),"1,257",,"United Nations Educational, Scientific and Cultural Organization (UNESCO), Montreal, the UNESCO Institute for Statistics (UIS) statistics database, last accessed June 2021."
Malaysia,2019,Gross enrollment ratio - Upper secondary level (male),73.4,,"United Nations Educational, Scientific and Cultural Organization (UNESCO), Montreal, the UNESCO Institute for Statistics (UIS) statistics database, last accessed June 2021."
Malaysia,2019,Gross enrollment ratio - Upper secondary level (female),83.8,,"United Nations Educational, Scientific and Cultural Organization (UNESCO), Montreal, the UNESCO Institute for Statistics (UIS) statistics database, last accessed June 2021."
Myanmar,2005,Students enrolled in primary education (thousands),"4,948",,"United Nations Educational, Scientific and Cultural Organization (UNESCO), Montreal, the UNESCO Institute for Statistics (UIS) statistics database, last accessed June 2021."
Myanmar,2005,Gross enrollment ratio - Primary (male),98.1,,"United Nations Educational, Scientific and Cultural Organization (UNESCO), Montreal, the UNESCO Institute for Statistics (UIS) statistics database, last accessed June 2021."
Myanmar,2005,Gross enrollment ratio - Primary (female),98.2,,"United Nations Educational, Scientific and Cultural Organization (UNESCO), Montreal, the UNESCO Institute for Statistics (UIS) statistics database, last accessed June 2021."
Myanmar,2005,Students enrolled in secondary education (thousands),"2,589",,"United Nations Educational, Scientific and Cultural Organization (UNESCO), Montreal, the UNESCO Institute for Statistics (UIS) statistics database, last accessed June 2021."
Myanmar,2005,Gross enrollment ratio - Secondary (male),45.1,,"United Nations Educational, Scientific and Cultural Organization (UNESCO), Montreal, the UNESCO Institute for Statistics (UIS) statistics database, last accessed June 2021."
Myanmar,2005,Gross enrollment ratio - Secondary (female),43.5,,"United Nations Educational, Scientific and Cultural Organization (UNESCO), Montreal, the UNESCO Institute for Statistics (UIS) statistics database, last accessed June 2021."
Myanmar,2005,Students enrolled in upper secondary education (thousands),651,,"United Nations Educational, Scientific and Cultural Organization (UNESCO), Montreal, the UNESCO Institute for Statistics (UIS) statistics database, last accessed June 2021."
Myanmar,2005,Gross enrollment ratio - Upper secondary level (male),33.4,,"United Nations Educational, Scientific and Cultural Organization (UNESCO), Montreal, the UNESCO Institute for Statistics (UIS) statistics database, last accessed June 2021."
Myanmar,2005,Gross enrollment ratio - Upper secondary level (female),33.2,,"United Nations Educational, Scientific and Cultural Organization (UNESCO), Montreal, the UNESCO Institute for Statistics (UIS) statistics database, last accessed June 2021."
Myanmar,2010,Students enrolled in primary education (thousands),"5,126",,"United Nations Educational, Scientific and Cultural Organization (UNESCO), Montreal, the UNESCO Institute for Statistics (UIS) statistics database, last accessed June 2021."
Myanmar,2010,Gross enrollment ratio - Primary (male),98.6,,"United Nations Educational, Scientific and Cultural Organization (UNESCO), Montreal, the UNESCO Institute for Statistics (UIS) statistics database, last accessed June 2021."
Myanmar,2010,Gross enrollment ratio - Primary (female),97.6,,"United Nations Educational, Scientific and Cultural Organization (UNESCO), Montreal, the UNESCO Institute for Statistics (UIS) statistics database, last accessed June 2021."
Myanmar,2010,Students enrolled in secondary education (thousands),"2,852",,"United Nations Educational, Scientific and Cultural Organization (UNESCO), Montreal, the UNESCO Institute for Statistics (UIS) statistics database, last accessed June 2021."
Myanmar,2010,Gross enrollment ratio - Secondary (male),47.1,,"United Nations Educational, Scientific and Cultural Organization (UNESCO), Montreal, the UNESCO Institute for Statistics (UIS) statistics database, last accessed June 2021."
Myanmar,2010,Gross enrollment ratio - Secondary (female),49.2,,"United Nations Educational, Scientific and Cultural Organization (UNESCO), Montreal, the UNESCO Institute for Statistics (UIS) statistics database, last accessed June 2021."
Myanmar,2010,Students enrolled in upper secondary education (thousands),674,,"United Nations Educational, Scientific and Cultural Organization (UNESCO), Montreal, the UNESCO Institute for Statistics (UIS) statistics database, last accessed June 2021."
Myanmar,2010,Gross enrollment ratio - Upper secondary level (male),33.2,,"United Nations Educational, Scientific and Cultural Organization (UNESCO), Montreal, the UNESCO Institute for Statistics (UIS) statistics database, last accessed June 2021."
Myanmar,2010,Gross enrollment ratio - Upper secondary level (female),36.7,,"United Nations Educational, Scientific and Cultural Organization (UNESCO), Montreal, the UNESCO Institute for Statistics (UIS) statistics database, last accessed June 2021."
Myanmar,2014,Students enrolled in primary education (thousands),"5,177",,"United Nations Educational, Scientific and Cultural Organization (UNESCO), Montreal, the UNESCO Institute for Statistics (UIS) statistics database, last accessed June 2021."
Myanmar,2014,Gross enrollment ratio - Primary (male),103.3,,"United Nations Educational, Scientific and Cultural Organization (UNESCO), Montreal, the UNESCO Institute for Statistics (UIS) statistics database, last accessed June 2021."
Myanmar,2014,Gross enrollment ratio - Primary (female),100.3,,"United Nations Educational, Scientific and Cultural Organization (UNESCO), Montreal, the UNESCO Institute for Statistics (UIS) statistics database, last accessed June 2021."
Myanmar,2014,Students enrolled in secondary education (thousands),"3,191",,"United Nations Educational, Scientific and Cultural Organization (UNESCO), Montreal, the UNESCO Institute for Statistics (UIS) statistics database, last accessed June 2021."
Myanmar,2014,Gross enrollment ratio - Secondary (male),51.3,,"United Nations Educational, Scientific and Cultural Organization (UNESCO), Montreal, the UNESCO Institute for Statistics (UIS) statistics database, last accessed June 2021."
Myanmar,2014,Gross enrollment ratio - Secondary (female),52.3,,"United Nations Educational, Scientific and Cultural Organization (UNESCO), Montreal, the UNESCO Institute for Statistics (UIS) statistics database, last accessed June 2021."
Myanmar,2014,Students enrolled in upper secondary education (thousands),689,,"United Nations Educational, Scientific and Cultural Organization (UNESCO), Montreal, the UNESCO Institute for Statistics (UIS) statistics database, last accessed June 2021."
Myanmar,2014,Gross enrollment ratio - Upper secondary level (male),32.4,,"United Nations Educational, Scientific and Cultural Organization (UNESCO), Montreal, the UNESCO Institute for Statistics (UIS) statistics database, last accessed June 2021."
Myanmar,2014,Gross enrollment ratio - Upper secondary level (female),36.1,,"United Nations Educational, Scientific and Cultural Organization (UNESCO), Montreal, the UNESCO Institute for Statistics (UIS) statistics database, last accessed June 2021."
Myanmar,2018,Students enrolled in primary education (thousands),"5,300",,"United Nations Educational, Scientific and Cultural Organization (UNESCO), Montreal, the UNESCO Institute for Statistics (UIS) statistics database, last accessed June 2021."
Myanmar,2018,Gross enrollment ratio - Primary (male),114.8,,"United Nations Educational, Scientific and Cultural Organization (UNESCO), Montreal, the UNESCO Institute for Statistics (UIS) statistics database, last accessed June 2021."
Myanmar,2018,Gross enrollment ratio - Primary (female),109.7,,"United Nations Educational, Scientific and Cultural Organization (UNESCO), Montreal, the UNESCO Institute for Statistics (UIS) statistics database, last accessed June 2021."
Myanmar,2018,Students enrolled in secondary education (thousands),"4,187",,"United Nations Educational, Scientific and Cultural Organization (UNESCO), Montreal, the UNESCO Institute for Statistics (UIS) statistics database, last accessed June 2021."
Myanmar,2018,Gross enrollment ratio - Secondary (male),65.6,,"United Nations Educational, Scientific and Cultural Organization (UNESCO), Montreal, the UNESCO Institute for Statistics (UIS) statistics database, last accessed June 2021."
Myanmar,2018,Gross enrollment ratio - Secondary (female),71.3,,"United Nations Educational, Scientific and Cultural Organization (UNESCO), Montreal, the UNESCO Institute for Statistics (UIS) statistics database, last accessed June 2021."
Myanmar,2018,Students enrolled in upper secondary education (thousands),"1,128",,"United Nations Educational, Scientific and Cultural Organization (UNESCO), Montreal, the UNESCO Institute for Statistics (UIS) statistics database, last accessed June 2021."
Myanmar,2018,Gross enrollment ratio - Upper secondary level (male),49.7,,"United Nations Educational, Scientific and Cultural Organization (UNESCO), Montreal, the UNESCO Institute for Statistics (UIS) statistics database, last accessed June 2021."
Myanmar,2018,Gross enrollment ratio - Upper secondary level (female),59.2,,"United Nations Educational, Scientific and Cultural Organization (UNESCO), Montreal, the UNESCO Institute for Statistics (UIS) statistics database, last accessed June 2021."
Philippines,2005,Students enrolled in primary education (thousands),"13,084",,"United Nations Educational, Scientific and Cultural Organization (UNESCO), Montreal, the UNESCO Institute for Statistics (UIS) statistics database, last accessed June 2021."
Philippines,2005,Gross enrollment ratio - Primary (male),106.5,,"United Nations Educational, Scientific and Cultural Organization (UNESCO), Montreal, the UNESCO Institute for Statistics (UIS) statistics database, last accessed June 2021."
Philippines,2005,Gross enrollment ratio - Primary (female),105.4,,"United Nations Educational, Scientific and Cultural Organization (UNESCO), Montreal, the UNESCO Institute for Statistics (UIS) statistics database, last accessed June 2021."
Philippines,2005,Students enrolled in secondary education (thousands),"6,352",,"United Nations Educational, Scientific and Cultural Organization (UNESCO), Montreal, the UNESCO Institute for Statistics (UIS) statistics database, last accessed June 2021."
Philippines,2005,Gross enrollment ratio - Secondary (male),78.3,,"United Nations Educational, Scientific and Cultural Organization (UNESCO), Montreal, the UNESCO Institute for Statistics (UIS) statistics database, last accessed June 2021."
Philippines,2005,Gross enrollment ratio - Secondary (female),87.7,,"United Nations Educational, Scientific and Cultural Organization (UNESCO), Montreal, the UNESCO Institute for Statistics (UIS) statistics database, last accessed June 2021."
Philippines,2005,Students enrolled in upper secondary education (thousands),"1,435",,"United Nations Educational, Scientific and Cultural Organization (UNESCO), Montreal, the UNESCO Institute for Statistics (UIS) statistics database, last accessed June 2021."
Philippines,2005,Gross enrollment ratio - Upper secondary level (male),69.1,,"United Nations Educational, Scientific and Cultural Organization (UNESCO), Montreal, the UNESCO Institute for Statistics (UIS) statistics database, last accessed June 2021."
Philippines,2005,Gross enrollment ratio - Upper secondary level (female),84.2,,"United Nations Educational, Scientific and Cultural Organization (UNESCO), Montreal, the UNESCO Institute for Statistics (UIS) statistics database, last accessed June 2021."
Philippines,2009,Students enrolled in primary education (thousands),"13,687",,"United Nations Educational, Scientific and Cultural Organization (UNESCO), Montreal, the UNESCO Institute for Statistics (UIS) statistics database, last accessed June 2021."
Philippines,2009,Gross enrollment ratio - Primary (male),108.3,,"United Nations Educational, Scientific and Cultural Organization (UNESCO), Montreal, the UNESCO Institute for Statistics (UIS) statistics database, last accessed June 2021."
Philippines,2009,Gross enrollment ratio - Primary (female),107.1,,"United Nations Educational, Scientific and Cultural Organization (UNESCO), Montreal, the UNESCO Institute for Statistics (UIS) statistics database, last accessed June 2021."
Philippines,2009,Students enrolled in secondary education (thousands),"6,767",,"United Nations Educational, Scientific and Cultural Organization (UNESCO), Montreal, the UNESCO Institute for Statistics (UIS) statistics database, last accessed June 2021."
Philippines,2009,Gross enrollment ratio - Secondary (male),80.9,,"United Nations Educational, Scientific and Cultural Organization (UNESCO), Montreal, the UNESCO Institute for Statistics (UIS) statistics database, last accessed June 2021."
Philippines,2009,Gross enrollment ratio - Secondary (female),87.5,,"United Nations Educational, Scientific and Cultural Organization (UNESCO), Montreal, the UNESCO Institute for Statistics (UIS) statistics database, last accessed June 2021."
Philippines,2009,Students enrolled in upper secondary education (thousands),"1,480",,"United Nations Educational, Scientific and Cultural Organization (UNESCO), Montreal, the UNESCO Institute for Statistics (UIS) statistics database, last accessed June 2021."
Philippines,2009,Gross enrollment ratio - Upper secondary level (male),68.6,,"United Nations Educational, Scientific and Cultural Organization (UNESCO), Montreal, the UNESCO Institute for Statistics (UIS) statistics database, last accessed June 2021."
Philippines,2009,Gross enrollment ratio - Upper secondary level (female),81.8,,"United Nations Educational, Scientific and Cultural Organization (UNESCO), Montreal, the UNESCO Institute for Statistics (UIS) statistics database, last accessed June 2021."
Philippines,2010,Students enrolled in upper secondary education (thousands),"1,462",,"United Nations Educational, Scientific and Cultural Organization (UNESCO), Montreal, the UNESCO Institute for Statistics (UIS) statistics database, last accessed June 2021."
Philippines,2010,Gross enrollment ratio - Upper secondary level (male),68.1,,"United Nations Educational, Scientific and Cultural Organization (UNESCO), Montreal, the UNESCO Institute for Statistics (UIS) statistics database, last accessed June 2021."
Philippines,2010,Gross enrollment ratio - Upper secondary level (female),78.2,,"United Nations Educational, Scientific and Cultural Organization (UNESCO), Montreal, the UNESCO Institute for Statistics (UIS) statistics database, last accessed June 2021."
Philippines,2015,Students enrolled in primary education (thousands),"14,453",,"United Nations Educational, Scientific and Cultural Organization (UNESCO), Montreal, the UNESCO Institute for Statistics (UIS) statistics database, last accessed June 2021."
Philippines,2015,Gross enrollment ratio - Primary (male),113.9,,"United Nations Educational, Scientific and Cultural Organization (UNESCO), Montreal, the UNESCO Institute for Statistics (UIS) statistics database, last accessed June 2021."
Philippines,2015,Gross enrollment ratio - Primary (female),110.5,,"United Nations Educational, Scientific and Cultural Organization (UNESCO), Montreal, the UNESCO Institute for Statistics (UIS) statistics database, last accessed June 2021."
Philippines,2015,Students enrolled in secondary education (thousands),"7,319",,"United Nations Educational, Scientific and Cultural Organization (UNESCO), Montreal, the UNESCO Institute for Statistics (UIS) statistics database, last accessed June 2021."
Philippines,2015,Gross enrollment ratio - Secondary (male),84.4,,"United Nations Educational, Scientific and Cultural Organization (UNESCO), Montreal, the UNESCO Institute for Statistics (UIS) statistics database, last accessed June 2021."
Philippines,2015,Gross enrollment ratio - Secondary (female),91.5,,"United Nations Educational, Scientific and Cultural Organization (UNESCO), Montreal, the UNESCO Institute for Statistics (UIS) statistics database, last accessed June 2021."
Philippines,2015,Students enrolled in upper secondary education (thousands),"1,624",,"United Nations Educational, Scientific and Cultural Organization (UNESCO), Montreal, the UNESCO Institute for Statistics (UIS) statistics database, last accessed June 2021."
Philippines,2015,Gross enrollment ratio - Upper secondary level (male),74.3,,"United Nations Educational, Scientific and Cultural Organization (UNESCO), Montreal, the UNESCO Institute for Statistics (UIS) statistics database, last accessed June 2021."
Philippines,2015,Gross enrollment ratio - Upper secondary level (female),83.1,,"United Nations Educational, Scientific and Cultural Organization (UNESCO), Montreal, the UNESCO Institute for Statistics (UIS) statistics database, last accessed June 2021."
Philippines,2019,Students enrolled in primary education (thousands),"13,195",,"United Nations Educational, Scientific and Cultural Organization (UNESCO), Montreal, the UNESCO Institute for Statistics (UIS) statistics database, last accessed June 2021."
Philippines,2019,Gross enrollment ratio - Primary (male),100.6,,"United Nations Educational, Scientific and Cultural Organization (UNESCO), Montreal, the UNESCO Institute for Statistics (UIS) statistics database, last accessed June 2021."
Philippines,2019,Gross enrollment ratio - Primary (female),97.6,,"United Nations Educational, Scientific and Cultural Organization (UNESCO), Montreal, the UNESCO Institute for Statistics (UIS) statistics database, last accessed June 2021."
Philippines,2019,Students enrolled in secondary education (thousands),"11,347",,"United Nations Educational, Scientific and Cultural Organization (UNESCO), Montreal, the UNESCO Institute for Statistics (UIS) statistics database, last accessed June 2021."
Philippines,2019,Gross enrollment ratio - Secondary (male),85.9,,"United Nations Educational, Scientific and Cultural Organization (UNESCO), Montreal, the UNESCO Institute for Statistics (UIS) statistics database, last accessed June 2021."
Philippines,2019,Gross enrollment ratio - Secondary (female),93.9,,"United Nations Educational, Scientific and Cultural Organization (UNESCO), Montreal, the UNESCO Institute for Statistics (UIS) statistics database, last accessed June 2021."
Philippines,2019,Students enrolled in upper secondary education (thousands),"3,024",,"United Nations Educational, Scientific and Cultural Organization (UNESCO), Montreal, the UNESCO Institute for Statistics (UIS) statistics database, last accessed June 2021."
Philippines,2019,Gross enrollment ratio - Upper secondary level (male),66.9,,"United Nations Educational, Scientific and Cultural Organization (UNESCO), Montreal, the UNESCO Institute for Statistics (UIS) statistics database, last accessed June 2021."
Philippines,2019,Gross enrollment ratio - Upper secondary level (female),79,,"United Nations Educational, Scientific and Cultural Organization (UNESCO), Montreal, the UNESCO Institute for Statistics (UIS) statistics database, last accessed June 2021."
Singapore,2009,Students enrolled in primary education (thousands),295,,"United Nations Educational, Scientific and Cultural Organization (UNESCO), Montreal, the UNESCO Institute for Statistics (UIS) statistics database, last accessed June 2021."
Singapore,2009,Students enrolled in secondary education (thousands),232,,"United Nations Educational, Scientific and Cultural Organization (UNESCO), Montreal, the UNESCO Institute for Statistics (UIS) statistics database, last accessed June 2021."
Singapore,2009,Students enrolled in upper secondary education (thousands),122,,"United Nations Educational, Scientific and Cultural Organization (UNESCO), Montreal, the UNESCO Institute for Statistics (UIS) statistics database, last accessed June 2021."
Singapore,2018,Students enrolled in primary education (thousands),234,,"United Nations Educational, Scientific and Cultural Organization (UNESCO), Montreal, the UNESCO Institute for Statistics (UIS) statistics database, last accessed June 2021."
Singapore,2018,Gross enrollment ratio - Primary (male),100.3,Estimate.,"United Nations Educational, Scientific and Cultural Organization (UNESCO), Montreal, the UNESCO Institute for Statistics (UIS) statistics database, last accessed June 2021."
Singapore,2018,Gross enrollment ratio - Primary (female),100.2,Estimate.,"United Nations Educational, Scientific and Cultural Organization (UNESCO), Montreal, the UNESCO Institute for Statistics (UIS) statistics database, last accessed June 2021."
Singapore,2018,Students enrolled in secondary education (thousands),167,,"United Nations Educational, Scientific and Cultural Organization (UNESCO), Montreal, the UNESCO Institute for Statistics (UIS) statistics database, last accessed June 2021."
Singapore,2018,Gross enrollment ratio - Secondary (male),106.3,Estimate.,"United Nations Educational, Scientific and Cultural Organization (UNESCO), Montreal, the UNESCO Institute for Statistics (UIS) statistics database, last accessed June 2021."
Singapore,2018,Gross enrollment ratio - Secondary (female),105.3,Estimate.,"United Nations Educational, Scientific and Cultural Organization (UNESCO), Montreal, the UNESCO Institute for Statistics (UIS) statistics database, last accessed June 2021."
Singapore,2018,Students enrolled in upper secondary education (thousands),88,,"United Nations Educational, Scientific and Cultural Organization (UNESCO), Montreal, the UNESCO Institute for Statistics (UIS) statistics database, last accessed June 2021."
Singapore,2018,Gross enrollment ratio - Upper secondary level (male),111.7,Estimate.,"United Nations Educational, Scientific and Cultural Organization (UNESCO), Montreal, the UNESCO Institute for Statistics (UIS) statistics database, last accessed June 2021."
Thailand,2005,Students enrolled in primary education (thousands),"5,975",,"United Nations Educational, Scientific and Cultural Organization (UNESCO), Montreal, the UNESCO Institute for Statistics (UIS) statistics database, last accessed June 2021."
Thailand,2005,Gross enrollment ratio - Primary (male),103.3,,"United Nations Educational, Scientific and Cultural Organization (UNESCO), Montreal, the UNESCO Institute for Statistics (UIS) statistics database, last accessed June 2021."
Thailand,2005,Gross enrollment ratio - Primary (female),100.5,,"United Nations Educational, Scientific and Cultural Organization (UNESCO), Montreal, the UNESCO Institute for Statistics (UIS) statistics database, last accessed June 2021."
Thailand,2005,Students enrolled in secondary education (thousands),"4,533",,"United Nations Educational, Scientific and Cultural Organization (UNESCO), Montreal, the UNESCO Institute for Statistics (UIS) statistics database, last accessed June 2021."
Thailand,2005,Gross enrollment ratio - Secondary (male),71.9,Estimate.,"United Nations Educational, Scientific and Cultural Organization (UNESCO), Montreal, the UNESCO Institute for Statistics (UIS) statistics database, last accessed June 2021."
Thailand,2005,Gross enrollment ratio - Secondary (female),75.4,Estimate.,"United Nations Educational, Scientific and Cultural Organization (UNESCO), Montreal, the UNESCO Institute for Statistics (UIS) statistics database, last accessed June 2021."
Thailand,2005,Students enrolled in upper secondary education (thousands),"1,780",,"United Nations Educational, Scientific and Cultural Organization (UNESCO), Montreal, the UNESCO Institute for Statistics (UIS) statistics database, last accessed June 2021."
Thailand,2005,Gross enrollment ratio - Upper secondary level (male),54.6,Estimate.,"United Nations Educational, Scientific and Cultural Organization (UNESCO), Montreal, the UNESCO Institute for Statistics (UIS) statistics database, last accessed June 2021."
Thailand,2005,Gross enrollment ratio - Upper secondary level (female),60.9,Estimate.,"United Nations Educational, Scientific and Cultural Organization (UNESCO), Montreal, the UNESCO Institute for Statistics (UIS) statistics database, last accessed June 2021."
Thailand,2010,Students enrolled in primary education (thousands),"5,147",,"United Nations Educational, Scientific and Cultural Organization (UNESCO), Montreal, the UNESCO Institute for Statistics (UIS) statistics database, last accessed June 2021."
Thailand,2010,Gross enrollment ratio - Primary (male),97.4,,"United Nations Educational, Scientific and Cultural Organization (UNESCO), Montreal, the UNESCO Institute for Statistics (UIS) statistics database, last accessed June 2021."
Thailand,2010,Gross enrollment ratio - Primary (female),96.3,,"United Nations Educational, Scientific and Cultural Organization (UNESCO), Montreal, the UNESCO Institute for Statistics (UIS) statistics database, last accessed June 2021."
Thailand,2010,Students enrolled in secondary education (thousands),"4,807",,"United Nations Educational, Scientific and Cultural Organization (UNESCO), Montreal, the UNESCO Institute for Statistics (UIS) statistics database, last accessed June 2021."
Thailand,2010,Gross enrollment ratio - Secondary (male),79.6,,"United Nations Educational, Scientific and Cultural Organization (UNESCO), Montreal, the UNESCO Institute for Statistics (UIS) statistics database, last accessed June 2021."
Thailand,2010,Gross enrollment ratio - Secondary (female),85.3,,"United Nations Educational, Scientific and Cultural Organization (UNESCO), Montreal, the UNESCO Institute for Statistics (UIS) statistics database, last accessed June 2021."
Thailand,2010,Students enrolled in upper secondary education (thousands),"2,009",,"United Nations Educational, Scientific and Cultural Organization (UNESCO), Montreal, the UNESCO Institute for Statistics (UIS) statistics database, last accessed June 2021."
Thailand,2010,Gross enrollment ratio - Upper secondary level (male),62.4,,"United Nations Educational, Scientific and Cultural Organization (UNESCO), Montreal, the UNESCO Institute for Statistics (UIS) statistics database, last accessed June 2021."
Thailand,2010,Gross enrollment ratio - Upper secondary level (female),73.5,,"United Nations Educational, Scientific and Cultural Organization (UNESCO), Montreal, the UNESCO Institute for Statistics (UIS) statistics database, last accessed June 2021."
Thailand,2015,Students enrolled in primary education (thousands),"5,081",,"United Nations Educational, Scientific and Cultural Organization (UNESCO), Montreal, the UNESCO Institute for Statistics (UIS) statistics database, last accessed June 2021."
Thailand,2015,Gross enrollment ratio - Primary (male),103.5,,"United Nations Educational, Scientific and Cultural Organization (UNESCO), Montreal, the UNESCO Institute for Statistics (UIS) statistics database, last accessed June 2021."
Thailand,2015,Gross enrollment ratio - Primary (female),97.6,,"United Nations Educational, Scientific and Cultural Organization (UNESCO), Montreal, the UNESCO Institute for Statistics (UIS) statistics database, last accessed June 2021."
Thailand,2015,Students enrolled in secondary education (thousands),"6,757",,"United Nations Educational, Scientific and Cultural Organization (UNESCO), Montreal, the UNESCO Institute for Statistics (UIS) statistics database, last accessed June 2021."
Thailand,2015,Gross enrollment ratio - Secondary (male),123,,"United Nations Educational, Scientific and Cultural Organization (UNESCO), Montreal, the UNESCO Institute for Statistics (UIS) statistics database, last accessed June 2021."
Thailand,2015,Gross enrollment ratio - Secondary (female),118.2,,"United Nations Educational, Scientific and Cultural Organization (UNESCO), Montreal, the UNESCO Institute for Statistics (UIS) statistics database, last accessed June 2021."
Thailand,2015,Students enrolled in upper secondary education (thousands),"3,467",,"United Nations Educational, Scientific and Cultural Organization (UNESCO), Montreal, the UNESCO Institute for Statistics (UIS) statistics database, last accessed June 2021."
Thailand,2015,Gross enrollment ratio - Upper secondary level (male),120.3,,"United Nations Educational, Scientific and Cultural Organization (UNESCO), Montreal, the UNESCO Institute for Statistics (UIS) statistics database, last accessed June 2021."
Thailand,2015,Gross enrollment ratio - Upper secondary level (female),120.2,,"United Nations Educational, Scientific and Cultural Organization (UNESCO), Montreal, the UNESCO Institute for Statistics (UIS) statistics database, last accessed June 2021."
Thailand,2019,Students enrolled in primary education (thousands),"4,899",,"United Nations Educational, Scientific and Cultural Organization (UNESCO), Montreal, the UNESCO Institute for Statistics (UIS) statistics database, last accessed June 2021."
Thailand,2019,Gross enrollment ratio - Primary (male),101.1,,"United Nations Educational, Scientific and Cultural Organization (UNESCO), Montreal, the UNESCO Institute for Statistics (UIS) statistics database, last accessed June 2021."
Thailand,2019,Gross enrollment ratio - Primary (female),101,,"United Nations Educational, Scientific and Cultural Organization (UNESCO), Montreal, the UNESCO Institute for Statistics (UIS) statistics database, last accessed June 2021."
Thailand,2019,Students enrolled in secondary education (thousands),"6,019",,"United Nations Educational, Scientific and Cultural Organization (UNESCO), Montreal, the UNESCO Institute for Statistics (UIS) statistics database, last accessed June 2021."
Thailand,2019,Gross enrollment ratio - Secondary (male),116.9,,"United Nations Educational, Scientific and Cultural Organization (UNESCO), Montreal, the UNESCO Institute for Statistics (UIS) statistics database, last accessed June 2021."
Thailand,2019,Gross enrollment ratio - Secondary (female),113.4,,"United Nations Educational, Scientific and Cultural Organization (UNESCO), Montreal, the UNESCO Institute for Statistics (UIS) statistics database, last accessed June 2021."
Thailand,2019,Students enrolled in upper secondary education (thousands),"2,963",,"United Nations Educational, Scientific and Cultural Organization (UNESCO), Montreal, the UNESCO Institute for Statistics (UIS) statistics database, last accessed June 2021."
Thailand,2019,Gross enrollment ratio - Upper secondary level (male),109.6,,"United Nations Educational, Scientific and Cultural Organization (UNESCO), Montreal, the UNESCO Institute for Statistics (UIS) statistics database, last accessed June 2021."
Thailand,2019,Gross enrollment ratio - Upper secondary level (female),112.1,,"United Nations Educational, Scientific and Cultural Organization (UNESCO), Montreal, the UNESCO Institute for Statistics (UIS) statistics database, last accessed June 2021."
Timor-Leste,2005,Students enrolled in primary education (thousands),178,,"United Nations Educational, Scientific and Cultural Organization (UNESCO), Montreal, the UNESCO Institute for Statistics (UIS) statistics database, last accessed June 2021."
Timor-Leste,2005,Gross enrollment ratio - Primary (male),110.1,,"United Nations Educational, Scientific and Cultural Organization (UNESCO), Montreal, the UNESCO Institute for Statistics (UIS) statistics database, last accessed June 2021."
Timor-Leste,2005,Gross enrollment ratio - Primary (female),100.2,,"United Nations Educational, Scientific and Cultural Organization (UNESCO), Montreal, the UNESCO Institute for Statistics (UIS) statistics database, last accessed June 2021."
Timor-Leste,2005,Students enrolled in secondary education (thousands),75,,"United Nations Educational, Scientific and Cultural Organization (UNESCO), Montreal, the UNESCO Institute for Statistics (UIS) statistics database, last accessed June 2021."
Timor-Leste,2005,Gross enrollment ratio - Secondary (male),55.7,,"United Nations Educational, Scientific and Cultural Organization (UNESCO), Montreal, the UNESCO Institute for Statistics (UIS) statistics database, last accessed June 2021."
Timor-Leste,2005,Gross enrollment ratio - Secondary (female),54.2,,"United Nations Educational, Scientific and Cultural Organization (UNESCO), Montreal, the UNESCO Institute for Statistics (UIS) statistics database, last accessed June 2021."
Timor-Leste,2010,Students enrolled in primary education (thousands),230,,"United Nations Educational, Scientific and Cultural Organization (UNESCO), Montreal, the UNESCO Institute for Statistics (UIS) statistics database, last accessed June 2021."
Timor-Leste,2010,Gross enrollment ratio - Primary (male),126.1,,"United Nations Educational, Scientific and Cultural Organization (UNESCO), Montreal, the UNESCO Institute for Statistics (UIS) statistics database, last accessed June 2021."
Timor-Leste,2010,Gross enrollment ratio - Primary (female),119.2,,"United Nations Educational, Scientific and Cultural Organization (UNESCO), Montreal, the UNESCO Institute for Statistics (UIS) statistics database, last accessed June 2021."
Timor-Leste,2010,Students enrolled in secondary education (thousands),102,,"United Nations Educational, Scientific and Cultural Organization (UNESCO), Montreal, the UNESCO Institute for Statistics (UIS) statistics database, last accessed June 2021."
Timor-Leste,2010,Gross enrollment ratio - Secondary (male),62.6,,"United Nations Educational, Scientific and Cultural Organization (UNESCO), Montreal, the UNESCO Institute for Statistics (UIS) statistics database, last accessed June 2021."
Timor-Leste,2010,Gross enrollment ratio - Secondary (female),62.1,,"United Nations Educational, Scientific and Cultural Organization (UNESCO), Montreal, the UNESCO Institute for Statistics (UIS) statistics database, last accessed June 2021."
Timor-Leste,2010,Students enrolled in upper secondary education (thousands),41,,"United Nations Educational, Scientific and Cultural Organization (UNESCO), Montreal, the UNESCO Institute for Statistics (UIS) statistics database, last accessed June 2021."
Timor-Leste,2010,Gross enrollment ratio - Upper secondary level (male),52.5,,"United Nations Educational, Scientific and Cultural Organization (UNESCO), Montreal, the UNESCO Institute for Statistics (UIS) statistics database, last accessed June 2021."
Timor-Leste,2010,Gross enrollment ratio - Upper secondary level (female),50.6,,"United Nations Educational, Scientific and Cultural Organization (UNESCO), Montreal, the UNESCO Institute for Statistics (UIS) statistics database, last accessed June 2021."
Timor-Leste,2015,Students enrolled in primary education (thousands),244,,"United Nations Educational, Scientific and Cultural Organization (UNESCO), Montreal, the UNESCO Institute for Statistics (UIS) statistics database, last accessed June 2021."
Timor-Leste,2015,Gross enrollment ratio - Primary (male),129.8,,"United Nations Educational, Scientific and Cultural Organization (UNESCO), Montreal, the UNESCO Institute for Statistics (UIS) statistics database, last accessed June 2021."
Timor-Leste,2015,Gross enrollment ratio - Primary (female),126.6,,"United Nations Educational, Scientific and Cultural Organization (UNESCO), Montreal, the UNESCO Institute for Statistics (UIS) statistics database, last accessed June 2021."
Timor-Leste,2015,Students enrolled in secondary education (thousands),129,,"United Nations Educational, Scientific and Cultural Organization (UNESCO), Montreal, the UNESCO Institute for Statistics (UIS) statistics database, last accessed June 2021."
Timor-Leste,2015,Gross enrollment ratio - Secondary (male),70.5,,"United Nations Educational, Scientific and Cultural Organization (UNESCO), Montreal, the UNESCO Institute for Statistics (UIS) statistics database, last accessed June 2021."
Timor-Leste,2015,Gross enrollment ratio - Secondary (female),74.4,,"United Nations Educational, Scientific and Cultural Organization (UNESCO), Montreal, the UNESCO Institute for Statistics (UIS) statistics database, last accessed June 2021."
Timor-Leste,2015,Students enrolled in upper secondary education (thousands),51,,"United Nations Educational, Scientific and Cultural Organization (UNESCO), Montreal, the UNESCO Institute for Statistics (UIS) statistics database, last accessed June 2021."
Timor-Leste,2015,Gross enrollment ratio - Upper secondary level (male),59.2,,"United Nations Educational, Scientific and Cultural Organization (UNESCO), Montreal, the UNESCO Institute for Statistics (UIS) statistics database, last accessed June 2021."
Timor-Leste,2015,Gross enrollment ratio - Upper secondary level (female),62.5,,"United Nations Educational, Scientific and Cultural Organization (UNESCO), Montreal, the UNESCO Institute for Statistics (UIS) statistics database, last accessed June 2021."
Timor-Leste,2019,Students enrolled in primary education (thousands),207,,"United Nations Educational, Scientific and Cultural Organization (UNESCO), Montreal, the UNESCO Institute for Statistics (UIS) statistics database, last accessed June 2021."
Timor-Leste,2019,Gross enrollment ratio - Primary (male),113.7,,"United Nations Educational, Scientific and Cultural Organization (UNESCO), Montreal, the UNESCO Institute for Statistics (UIS) statistics database, last accessed June 2021."
Timor-Leste,2019,Gross enrollment ratio - Primary (female),111.2,,"United Nations Educational, Scientific and Cultural Organization (UNESCO), Montreal, the UNESCO Institute for Statistics (UIS) statistics database, last accessed June 2021."
Timor-Leste,2019,Students enrolled in secondary education (thousands),162,,"United Nations Educational, Scientific and Cultural Organization (UNESCO), Montreal, the UNESCO Institute for Statistics (UIS) statistics database, last accessed June 2021."
Timor-Leste,2019,Gross enrollment ratio - Secondary (male),82.7,,"United Nations Educational, Scientific and Cultural Organization (UNESCO), Montreal, the UNESCO Institute for Statistics (UIS) statistics database, last accessed June 2021."
Timor-Leste,2019,Gross enrollment ratio - Secondary (female),90.5,,"United Nations Educational, Scientific and Cultural Organization (UNESCO), Montreal, the UNESCO Institute for Statistics (UIS) statistics database, last accessed June 2021."
Timor-Leste,2019,Students enrolled in upper secondary education (thousands),72,,"United Nations Educational, Scientific and Cultural Organization (UNESCO), Montreal, the UNESCO Institute for Statistics (UIS) statistics database, last accessed June 2021."
Timor-Leste,2019,Gross enrollment ratio - Upper secondary level (male),71.9,,"United Nations Educational, Scientific and Cultural Organization (UNESCO), Montreal, the UNESCO Institute for Statistics (UIS) statistics database, last accessed June 2021."
Timor-Leste,2019,Gross enrollment ratio - Upper secondary level (female),81.5,,"United Nations Educational, Scientific and Cultural Organization (UNESCO), Montreal, the UNESCO Institute for Statistics (UIS) statistics database, last accessed June 2021."
